source,raw_institute,user_identifier,stand_institute
4-datarequest_users_2023_11_07,vlaamse milieu maatschappij,6b2c327b-8b26-4777-b4a6-9e235d7e8db4,
4-datarequest_users_2023_11_07,"ilvo, ugent (marbiol)",0b6b77bc-7a15-4345-8566-cf4daa331e75,
4-datarequest_users_2023_11_07,Natural History Museum Rijeka,21906f91-8a0f-476f-8da3-d27497e2fdeb,
4-datarequest_users_2023_11_07,ugent (marbiol),9ebe2e3b-ec4b-4e99-b1b6-23dece4e9ab0,
4-datarequest_users_2023_11_07,"ugent, De WaterGroep, Pollet Water Group, VITO",b3dca2b3-ab33-44e6-8ab0-d51a8dbf5041,
4-datarequest_users_2023_11_07,De WaterGroep,ab1ba220-a235-403c-b2d8-a5b6a1663c3e,
4-datarequest_users_2023_11_07,Pollet Water Group,5f960f54-3218-40ee-b6b6-aae8c8300550,
4-datarequest_users_2023_11_07,Energyville,d6721b9b-7a11-48f6-9665-9b02e9a61a16,
4-datarequest_users_2023_11_07,XANT,c2aae348-a40a-419a-a2d0-45b72d1531e6,
4-datarequest_users_2023_11_07,Royal Belgian Institute of Natural Sciences (REMSEM team),5a9fb920-2ee0-4d7f-99c7-201800bd839e,
4-datarequest_users_2023_11_07,ilvo (Aquaculture),593ba869-bbff-441c-a4c1-ec6ca7753d47,
4-datarequest_users_2023_11_07,Instituto español de oceanografía (IEO) CC Gijón,861f8247-c696-4024-9006-b41402df5e4c,
4-datarequest_users_2023_11_07,ulb (Laboratoire d'Ecologie des systèmes aquatiques),f12d94d0-8ddb-42eb-88b1-140461ea3c7c,
4-datarequest_users_2023_11_07,University of Cape Town,43cfcdee-d780-420c-bd98-c0f512975160,
4-datarequest_users_2023_11_07,"embl, embrc",586d4176-9c56-43ac-a865-0aa0ed57b1d7,
4-datarequest_users_2023_11_07,student mbo,39bf1629-354e-43dc-96d7-4b4ca6cfb4c7,
4-datarequest_users_2023_11_07,Møreforsking AS,4ad027af-8aee-4fd7-87c6-0970aa53e4f6,
4-datarequest_users_2023_11_07,Ca Foscari university venice,1748b8b6-0ad6-4ae1-bc8e-cb831cb81814,
4-datarequest_users_2023_11_07,student,65f05db4-665e-4c8e-8ee2-1d12cc6750de,
4-datarequest_users_2023_11_07,Universidad Complutense de Madrid,bcefbd2e-4065-433f-a88c-466d5b7af3fc,
4-datarequest_users_2023_11_07,Museu de Historia Natural do Funchal,10acc280-3903-4ebc-a0d0-698a0514d3b8,
4-datarequest_users_2023_11_07,Belgian Navy,4e38d949-dae3-443b-b1c5-a2a4fdb66832,
4-datarequest_users_2023_11_07,student imbrsea,f1ea75d6-1261-419d-954d-ffd9bda64a5d,
4-datarequest_users_2023_11_07,HoGent (Agro- en Biotechnologie),79a1182c-f643-45e0-800f-6acc2f1c98d3,
4-datarequest_users_2023_11_07,Natural History Museum - Florence University,4ff90cc2-8b5e-4ae4-8099-dfd96d5549bf,
4-datarequest_users_2023_11_07,Intercommunale Kustreddingsdienst West-Vlaanderen,5adc7b37-a141-42f4-9ec7-350ac98d9396,
4-datarequest_users_2023_11_07,student imbrcsea,849fa6c8-d117-4042-b0df-baa62f53cc63,
4-datarequest_users_2023_11_07,Sea Matters (BVBA),2d5d9fbf-17f8-45d3-b79a-5cbeceeba59b,
4-datarequest_users_2023_11_07,biotope-environnement,f67c9b78-28a6-4be1-8de3-b94dbd54461c,
4-datarequest_users_2023_11_07,UN Environment Programme - World Conservation Monitoring Centre,1bd4816a-fceb-4283-bee4-1d999a296648,
4-datarequest_users_2023_11_07,"ugent - Faculty of Veterinary Medicine - Department of Pathology, Bacteriology and Avian Diseases",bf2f274e-019b-44c6-a4e1-161d09fbc6f1,
4-datarequest_users_2023_11_07,De Blauwe Cluster VZW,91b0d484-7ca4-4a5a-880e-7ff4397a46c2,
4-datarequest_users_2023_11_07,EPAA,2d7f1dcf-00b1-4da0-9232-215be2ba1452,
4-datarequest_users_2023_11_07,edf,cf56ad28-ee5c-4840-8e1c-db9499479ff4,
4-datarequest_users_2023_11_07,"Museum of the Sea - Gallipoli , Apulia",2637ed84-850f-44eb-b676-9400bbf23152,
4-datarequest_users_2023_11_07,Instituto español de oceanografíia . CC Gijón,f7310040-c94f-4353-a722-113113c29b7e,
4-datarequest_users_2023_11_07,vlakwa,3213738a-7f00-4c0c-92ca-a809a317225f,
4-datarequest_users_2023_11_07,Universidade de Aveiro,35f20298-228a-4b2c-9a82-082443a5bab1,
4-datarequest_users_2023_11_07,Universidad de Concepción,b4cc43d9-8148-40cd-83dd-88ff05976d9e,
4-datarequest_users_2023_11_07,student,b3f05173-c726-46db-8ef9-f14d96cf7ee5,
4-datarequest_users_2023_11_07,Holland-Amrica Line,5d3c2758-97ea-4f6d-80ae-74f20407da89,
4-datarequest_users_2023_11_07,bosaq,11e17a67-e875-457c-b941-8348a48445b3,
4-datarequest_users_2023_11_07,HoGent,7f4c7cbd-a92a-489e-b4cf-fee9c1ef47dd,
4-datarequest_users_2023_11_07,FCUP (Faculdade de Ciências da Universidade do Porto),c8650e0f-3c92-460b-9b0d-c8db8291842c,
4-datarequest_users_2023_11_07,ioc-sealevelmonitoring ~ unesco,408ecc16-44a9-42bd-af3b-f985f011d3b4,
4-datarequest_users_2023_11_07,"dalhousie university, Canada",4931d649-4f4c-409f-9857-b5980949354b,
4-datarequest_users_2023_11_07,university of giorgia,c39ab2b2-ecdd-479e-8fe2-232e587bcb6e,
4-datarequest_users_2023_11_07,Polytechnic University of the Philippines,653539dc-2cbf-4558-9b39-67f3a571e6ab,
4-datarequest_users_2023_11_07,Polytechnic University of the Philippines,fcaac607-0532-48a0-ae98-044782e85260,
4-datarequest_users_2023_11_07,vlaamsewaterweg ,9a3c3cfe-6a5d-45fc-b008-afe6957234ba,
4-datarequest_users_2023_11_07,Centro de Gestão de Dados Técnico-Científicos,e6f484bb-ec06-47ed-a679-5ffc7b5fb216,
4-datarequest_users_2023_11_07,student imbrsea,320b81a5-4ee8-4768-8926-9c5b5f45e1e9,
4-datarequest_users_2023_11_07,univresity of Iceland,6998abc2-3890-4388-bec9-a1add8e6ab1c,
4-datarequest_users_2023_11_07,ISPRA,15fb9387-00cc-46d2-8948-301c86ef5797,
4-datarequest_users_2023_11_07,Universiteti Bujqësor i Tiranës,c70c9a2a-baff-48a9-8a48-3602c012d945,
4-datarequest_users_2023_11_07,naturalsciences / museum voor natuurwetenschappen,ab8967e3-3428-463d-9891-a2afc835bd2a,
4-datarequest_users_2023_11_07,Çukurova Üniversitesi,f854f53f-4f3f-434f-b632-6076133aaf4a,
4-datarequest_users_2023_11_07,Dept. Fisheries & Oceans Canada,4af074ee-be76-44ea-ac1e-68cdc8d8d595,
4-datarequest_users_2023_11_07,University of the Philippines,f10172b7-c71b-471b-9c94-9e4c3fc72da5,
4-datarequest_users_2023_11_07,Utrecht universiteit,271b8109-fa41-41df-834c-e9ca2a1557ae,
4-datarequest_users_2023_11_07,Upptäck SLU,56d6bd88-4696-4e83-9a60-e85bb134ad76,
4-datarequest_users_2023_11_07,tenproject ,24f7c6a9-553c-45bc-959d-d6255276d4d3,
4-datarequest_users_2023_11_07,student ,764746d7-bb26-42c0-bbda-f2b8afe452bc,
4-datarequest_users_2023_11_07,student imbrsea,8041b9c4-e5cc-4c41-97c4-87662315d137,
4-datarequest_users_2023_11_07,Newcastle University,70b38e90-dc93-43d8-8131-ba299fb3094a,
4-datarequest_users_2023_11_07,SMRU Consulting,421b4943-9348-46cf-9946-809af78b4075,
4-datarequest_users_2023_11_07,University of Regensburg,0543ed68-d1de-4498-8672-6943da5e271d,
4-datarequest_users_2023_11_07,University of São Paulo,782ad438-a771-4c2a-ac7b-c19a04d7f652,
4-datarequest_users_2023_11_07,CSpect,2f018c8b-b18a-4f2b-a5ba-740794cb88be,
4-datarequest_users_2023_11_07,IHS Markit Maritime and Trade,3ac7e493-72a0-4f86-a2e4-56735bbe5d08,
4-datarequest_users_2023_11_07,colruytgroup,6c2ddae5-a955-45c7-81a8-723a327f6520,
4-datarequest_users_2023_11_07,colruytgroup,e27faf94-42f5-4a67-a201-8b07c17dd849,
4-datarequest_users_2023_11_07,Universidade de Évora,b4a97662-fb16-44d8-877b-2cb8655cad0d,
4-datarequest_users_2023_11_07,Universidade de Évora,8ef30d23-1c24-4137-81c7-5b7b35d8df68,
4-datarequest_users_2023_11_07,Universidade de Évora,f341076d-80c2-45c6-a064-422c533c24df,
4-datarequest_users_2023_11_07,Universidade de Évora,d032786b-2854-4389-b229-f99a17d64f41,
4-datarequest_users_2023_11_07,Ca' Foscari University of Venice,63d57a20-3acb-4f61-93e4-76c1c2a82acc,
4-datarequest_users_2023_11_07,"Centre of Marine Sciences (CCMAR), University of the Algarve",c5e9d7e0-16d6-4d2c-9a53-c5cbb7d7e6f0,
4-datarequest_users_2023_11_07,"Laboratory of Oceanology and Geosciences, Wimereux - Lille University ",4be8c284-ac42-461f-a8e7-fedf5c6dbf46,
4-datarequest_users_2023_11_07,DEME,bd4f892c-cf11-4032-940d-7aa8c4982c4c,
4-datarequest_users_2023_11_07,Hogere Zeevaartschool,036f7d77-c1ce-44b1-934a-a1c5794f3df9,
4-datarequest_users_2023_11_07,IGB Berlin,d708ebe8-f693-4eff-896f-78cc0dbf5308,
